job_key,duplicate_key,job_title,company,location,source,score,match_percent,fit_category,target_track,recommended_resume,resume_fit_level,resume_fit_score,resume_suggestions,missing_or_watch_skills,interview_focus,job_intelligence_summary,why_this_fits,resume_focus,job_intelligence_interview_focus,potential_concerns,suggested_next_action,location_status,company_bonus,company_watchlist_category,target_strength,recommendation,apply_priority,application_status,application_stage,application_date,resume_used,cover_letter_used,recruiter_name,recruiter_email,interview_date,salary,follow_up_date,last_updated,apply_url,source_email_url,job_link,notes,match_reasons,email_subject,email_date
job|supply chain analyst|daikin applied americas|minnesota,job|supply chain analyst|daikin applied americas|minnesota,Supply Chain Analyst II,Daikin Applied Americas,"Plymouth, MN",LinkedIn,65,65,Possible Match,Operations / Supply Chain,Operations / Supply Chain Resume,Possible Resume Fit,65,"Use the Operations / Supply Chain resume | Highlight inventory, purchasing, work orders, Maximo, and plant operations | Connect storeroom experience to process improvement and data tracking",None flagged,Inventory control | Purchasing and receiving | Process improvement | Operations problem solving,"Supply Chain Analyst II at Daikin Applied Americas is a possible match for the Operations / Supply Chain track. Aligns with operations, inventory, purchasing, and process improvement experience Good fit for connecting plant operations experience to analytics and reporting Matches preferred location/work arrangement","Aligns with operations, inventory, purchasing, and process improvement experience | Good fit for connecting plant operations experience to analytics and reporting | Matches preferred location/work arrangement","Use Operations / Supply Chain Resume. Focus on: Use the Operations / Supply Chain resume | Highlight inventory, purchasing, work orders, Maximo, and plant operations | Connect storeroom experience to process improvement and data tracking",Inventory control | Purchasing and receiving | Process improvement | Operations problem solving,No major concerns flagged by current rules,Review only if time allows,Preferred,0,,Good Target,Review,Review if time,Not Applied,Not Applied,,Operations / Supply Chain Resume,No,,,,,,2026-06-27,"https://www.linkedin.com/comm/jobs/search?keywords=Inventory+Analyst&distance=25&geoId=103039849&f_TPR=a1782252183-&f_SAL=&sortBy=R&origin=JOB_ALERT_EMAIL&originToLandingJobPostings=4432496817,4429820744,4431841509,4432822993,4414216475,4419895038&lipi=urn%3Ali%3Apage%3Aemail_email_job_alert_digest_01%3BxFGoBRC9RZOUo7ZFuMm3yQ%3D%3D&midToken=AQEueGkJOVadGg&midSig=0lbeqGpOSikIk1&trk=eml-email_job_alert_digest_01-primary_job_list-0-header_ssid_15854607196_fmid_e8kqnz~mqvwdri0~ti&trkEmail=eml-email_job_alert_digest_01-primary_job_list-0-header_ssid_15854607196_fmid_e8kqnz~mqvwdri0~ti-null-e8kqnz~mqvwdri0~ti-null-null&eid=e8kqnz-mqvwdri0-ti&otpToken=MWEwMzFlZTkxMTJmYzljM2I1MjQwNGVkNGUxY2UyYjc4OWM5ZDk0NzkwYTc4ODYxNzljMzA2Njk0NjUyNTVmMWY3ZGZhZTk2NzdjMmNlODE1MWIyYjY4YzI5Yjg4ZjNhMmQ4ZGVkZDVlMzUxNzJiZjlhNWYsMSwx",https://mail.google.com/mail/u/0/#inbox/19f0778feff40d8e,"https://www.linkedin.com/comm/jobs/search?keywords=Inventory+Analyst&distance=25&geoId=103039849&f_TPR=a1782252183-&f_SAL=&sortBy=R&origin=JOB_ALERT_EMAIL&originToLandingJobPostings=4432496817,4429820744,4431841509,4432822993,4414216475,4419895038&lipi=urn%3Ali%3Apage%3Aemail_email_job_alert_digest_01%3BxFGoBRC9RZOUo7ZFuMm3yQ%3D%3D&midToken=AQEueGkJOVadGg&midSig=0lbeqGpOSikIk1&trk=eml-email_job_alert_digest_01-primary_job_list-0-header_ssid_15854607196_fmid_e8kqnz~mqvwdri0~ti&trkEmail=eml-email_job_alert_digest_01-primary_job_list-0-header_ssid_15854607196_fmid_e8kqnz~mqvwdri0~ti-null-e8kqnz~mqvwdri0~ti-null-null&eid=e8kqnz-mqvwdri0-ti&otpToken=MWEwMzFlZTkxMTJmYzljM2I1MjQwNGVkNGUxY2UyYjc4OWM5ZDk0NzkwYTc4ODYxNzljMzA2Njk0NjUyNTVmMWY3ZGZhZTk2NzdjMmNlODE1MWIyYjY4YzI5Yjg4ZjNhMmQ4ZGVkZDVlMzUxNzJiZjlhNWYsMSwx",,"analyst, supply chain, Resume-aligned: inventory, Minnesota location",Sr Analyst Planning and Inventory Ops-Small Formats (Minneapolis) at Target,2026-06-27
job|product reporting analysis|boston scientific|minnesota,job|product reporting analysis|boston scientific|minnesota,Product Reporting Analysis II,Boston Scientific,"Arden Hills, MN",LinkedIn,65,65,Possible Match,Data / Reporting,Business Analytics Resume,Possible Resume Fit,65,"Use the Business Analytics resume | Highlight Excel, dashboards, reporting, Tableau, and analytics coursework | Show how reports helped decision making",None flagged,Excel analysis | Dashboard design | Data storytelling | SQL/SOQL basics,"Product Reporting Analysis II at Boston Scientific is a possible match for the Data / Reporting track. Aligns with reporting, dashboards, Excel, Tableau, and analytics development Good opportunity to discuss data storytelling and decision support Matches preferred location/work arrangement Company is flagged as Target Company","Aligns with reporting, dashboards, Excel, Tableau, and analytics development | Good opportunity to discuss data storytelling and decision support | Matches preferred location/work arrangement | Company is flagged as Target Company","Use Business Analytics Resume. Focus on: Use the Business Analytics resume | Highlight Excel, dashboards, reporting, Tableau, and analytics coursework | Show how reports helped decision making",Excel analysis | Dashboard design | Data storytelling | SQL/SOQL basics,No major concerns flagged by current rules,Review only if time allows,Preferred,15,Target Company,Strong Target,Review,Review if time,Not Applied,Not Applied,,Business Analytics Resume,No,,,,,,2026-06-27,"https://www.linkedin.com/comm/jobs/search?keywords=Business+Data+Analyst&distance=25&geoId=103039849&f_TPR=a1782204499-&f_SAL=&sortBy=R&origin=JOB_ALERT_EMAIL&originToLandingJobPostings=4431216357,4422030767,4429820744,4432539436,4429992293,4421892790&lipi=urn%3Ali%3Apage%3Aemail_email_job_alert_digest_01%3BmzNfYG%2BiTK247YKKFKmthw%3D%3D&midToken=AQEueGkJOVadGg&midSig=2vDfjzi7CPksk1&trk=eml-email_job_alert_digest_01-primary_job_list-0-header_ssid_15752963732_fmid_e8kqnz~mqvoezie~n3&trkEmail=eml-email_job_alert_digest_01-primary_job_list-0-header_ssid_15752963732_fmid_e8kqnz~mqvoezie~n3-null-e8kqnz~mqvoezie~n3-null-null&eid=e8kqnz-mqvoezie-n3&otpToken=MWEwMzFlZTkxMTJmYzljM2I1MjQwNGVkNGUxY2UyYjY4Y2NhZDI0ODlkYWQ4YzYxNzljMzA2Njk0NjUyNTVmMWY3ZGZhZWI3MTRlZGNkZGI2ZWY5ZDk3N2NkYzlhODVkMTU3ODM3Nzk0ZDMxODA4YjVmYTYsMSwx",https://mail.google.com/mail/u/0/#inbox/19f06ad0bc919094,"https://www.linkedin.com/comm/jobs/search?keywords=Business+Data+Analyst&distance=25&geoId=103039849&f_TPR=a1782204499-&f_SAL=&sortBy=R&origin=JOB_ALERT_EMAIL&originToLandingJobPostings=4431216357,4422030767,4429820744,4432539436,4429992293,4421892790&lipi=urn%3Ali%3Apage%3Aemail_email_job_alert_digest_01%3BmzNfYG%2BiTK247YKKFKmthw%3D%3D&midToken=AQEueGkJOVadGg&midSig=2vDfjzi7CPksk1&trk=eml-email_job_alert_digest_01-primary_job_list-0-header_ssid_15752963732_fmid_e8kqnz~mqvoezie~n3&trkEmail=eml-email_job_alert_digest_01-primary_job_list-0-header_ssid_15752963732_fmid_e8kqnz~mqvoezie~n3-null-e8kqnz~mqvoezie~n3-null-null&eid=e8kqnz-mqvoezie-n3&otpToken=MWEwMzFlZTkxMTJmYzljM2I1MjQwNGVkNGUxY2UyYjY4Y2NhZDI0ODlkYWQ4YzYxNzljMzA2Njk0NjUyNTVmMWY3ZGZhZWI3MTRlZGNkZGI2ZWY5ZDk3N2NkYzlhODVkMTU3ODM3Nzk0ZDMxODA4YjVmYTYsMSwx",,"reporting, Resume-aligned: healthcare, Minnesota location, Target Company: boston scientific",Data Analyst I - UHC Cove at UnitedHealthcare,2026-06-27
job|sales operations support - hpen cloud|hewlett packard enterprise|us,job|sales operations support - hpen cloud|hewlett packard enterprise|us,Sales Operations Support - HPEN Cloud,Hewlett Packard Enterprise,"Texas, United States",LinkedIn,65,65,Possible Match,Sales Ops / RevOps,Sales Ops / RevOps Resume,Possible Resume Fit,65,"Use the Sales Ops / RevOps resume | Highlight sales operations, CRM, reporting, and process improvement | Connect sales background to operational reporting and pipeline support",None flagged,Pipeline reporting | Sales process improvement | CRM data quality | Stakeholder support,"Sales Operations Support - HPEN Cloud at Hewlett Packard Enterprise is a possible match for the Sales Ops / RevOps track. Aligns with sales operations, CRM reporting, and pipeline support experience Strong bridge between sales background and technical CRM skills Matches preferred location/work arrangement","Aligns with sales operations, CRM reporting, and pipeline support experience | Strong bridge between sales background and technical CRM skills | Matches preferred location/work arrangement","Use Sales Ops / RevOps Resume. Focus on: Use the Sales Ops / RevOps resume | Highlight sales operations, CRM, reporting, and process improvement | Connect sales background to operational reporting and pipeline support",Pipeline reporting | Sales process improvement | CRM data quality | Stakeholder support,No major concerns flagged by current rules,Review only if time allows,Preferred,0,,Good Target,Review,Review if time,Not Applied,Not Applied,,Sales Ops / RevOps Resume,No,,,,,,2026-06-27,"https://www.linkedin.com/comm/jobs/search?keywords=Sales+Operations+Analyst&distance=25&geoId=103644278&f_TPR=a1782339534-&f_SAL=&sortBy=R&origin=JOB_ALERT_EMAIL&originToLandingJobPostings=4433301128,4432158928,4432691822,4432695542,4432133260,4432607681&lipi=urn%3Ali%3Apage%3Aemail_email_job_alert_digest_01%3B6cyT2gtHRAKmVgiXf%2FzKSA%3D%3D&midToken=AQEueGkJOVadGg&midSig=2WFVIzlJT2jYk1&trk=eml-email_job_alert_digest_01-primary_job_list-0-header_ssid_15953640676_fmid_e8kqnz~mqv6nuaj~4y&trkEmail=eml-email_job_alert_digest_01-primary_job_list-0-header_ssid_15953640676_fmid_e8kqnz~mqv6nuaj~4y-null-e8kqnz~mqv6nuaj~4y-null-null&eid=e8kqnz-mqv6nuaj-4y&otpToken=MWEwMzFlZTkxMTJmYzljM2I1MjQwNGVkNGUxY2UzYmQ4Y2M4ZDE0ODlmYWU4NzYxNzljMzA2Njk0NjUyNTVmMWY3ZGY4MWUxNDdlNmZiY2I0NWFkNTNmNmRlYjFmM2U3YjkxYTQ0MjAxYTRkMTQ1NmRkM2YsMSwx",https://mail.google.com/mail/u/0/#inbox/19f04e6370136bee,"https://www.linkedin.com/comm/jobs/search?keywords=Sales+Operations+Analyst&distance=25&geoId=103644278&f_TPR=a1782339534-&f_SAL=&sortBy=R&origin=JOB_ALERT_EMAIL&originToLandingJobPostings=4433301128,4432158928,4432691822,4432695542,4432133260,4432607681&lipi=urn%3Ali%3Apage%3Aemail_email_job_alert_digest_01%3B6cyT2gtHRAKmVgiXf%2FzKSA%3D%3D&midToken=AQEueGkJOVadGg&midSig=2WFVIzlJT2jYk1&trk=eml-email_job_alert_digest_01-primary_job_list-0-header_ssid_15953640676_fmid_e8kqnz~mqv6nuaj~4y&trkEmail=eml-email_job_alert_digest_01-primary_job_list-0-header_ssid_15953640676_fmid_e8kqnz~mqv6nuaj~4y-null-e8kqnz~mqv6nuaj~4y-null-null&eid=e8kqnz-mqv6nuaj-4y&otpToken=MWEwMzFlZTkxMTJmYzljM2I1MjQwNGVkNGUxY2UzYmQ4Y2M4ZDE0ODlmYWU4NzYxNzljMzA2Njk0NjUyNTVmMWY3ZGY4MWUxNDdlNmZiY2I0NWFkNTNmNmRlYjFmM2U3YjkxYTQ0MjAxYTRkMTQ1NmRkM2YsMSwx",,"operations, sales operations, erp",Sales Operations Support - HPEN Cloud at Hewlett Packard Enterprise,2026-06-26
job|analyst jobs mn|minnesota|surest senior data analyst,job|analyst jobs mn|minnesota|surest senior data analyst,Analyst  jobs mn,Minnesota,Surest Senior Data Analyst,Google Job Alert,65,65,Possible Match,Data / Reporting,Business Analytics Resume,Possible Resume Fit,65,"Use the Business Analytics resume | Highlight Excel, dashboards, reporting, Tableau, and analytics coursework | Show how reports helped decision making",None flagged,Excel analysis | Dashboard design | Data storytelling | SQL/SOQL basics,"Analyst jobs mn at Minnesota is a possible match for the Data / Reporting track. Aligns with reporting, dashboards, Excel, Tableau, and analytics development Good opportunity to discuss data storytelling and decision support Matches preferred location/work arrangement","Aligns with reporting, dashboards, Excel, Tableau, and analytics development | Good opportunity to discuss data storytelling and decision support | Matches preferred location/work arrangement","Use Business Analytics Resume. Focus on: Use the Business Analytics resume | Highlight Excel, dashboards, reporting, Tableau, and analytics coursework | Show how reports helped decision making",Excel analysis | Dashboard design | Data storytelling | SQL/SOQL basics,No major concerns flagged by current rules,Review only if time allows,Preferred,0,,Strong Target,Review,Review if time,Not Applied,Not Applied,,Business Analytics Resume,No,,,,,,2026-06-27,,https://mail.google.com/mail/u/0/#inbox/19f01287c2ecdfa0,https://mail.google.com/mail/u/0/#inbox/19f01287c2ecdfa0,,"analyst, data analyst, Minnesota location","10 new jobs for ""analyst  jobs mn"" - Jun 25",2026-06-25
job|licensed insurance sales representative (remote / home-based)|allstate|minnesota,job|licensed insurance sales representative (remote / home-based)|allstate|minnesota,Licensed Insurance Sales Representative (Remote / Home-Based),Allstate,"Minneapolis, MN (Remote)",LinkedIn,65,65,Possible Match,General / Other,General Resume,Possible Resume Fit,65,"Use the General resume | Highlight transferable operations, sales, customer support, and problem solving experience",None flagged,Transferable skills | Customer and stakeholder communication | Problem solving,Licensed Insurance Sales Representative (Remote / Home-Based) at Allstate is a possible match for the General / Other track. Possible transferable-skills opportunity Matches preferred location/work arrangement,Possible transferable-skills opportunity | Matches preferred location/work arrangement,"Use General Resume. Focus on: Use the General resume | Highlight transferable operations, sales, customer support, and problem solving experience",Transferable skills | Customer and stakeholder communication | Problem solving,No major concerns flagged by current rules,Review only if time allows,Preferred,0,,Standard,Review,Review if time,Not Applied,Not Applied,,General Resume,No,,,,,,2026-06-27,"https://www.linkedin.com/comm/jobs/search?keywords=Inside+Sales+Specialist&distance=25&geoId=106656885&f_TPR=a1782170828-&sortBy=R&origin=JOB_ALERT_EMAIL&originToLandingJobPostings=4349230461,4423453263,4418780952,4429386469,4432464738,4432435382&lipi=urn%3Ali%3Apage%3Aemail_email_job_alert_digest_01%3BdU8niSbWTUiS%2BM0ieI9X%2Bw%3D%3D&midToken=AQEueGkJOVadGg&midSig=1qHOw0Ad-aiYk1&trk=eml-email_job_alert_digest_01-primary_job_list-0-header_ssid_15481358100_fmid_e8kqnz~mqu42yp4~57&trkEmail=eml-email_job_alert_digest_01-primary_job_list-0-header_ssid_15481358100_fmid_e8kqnz~mqu42yp4~57-null-e8kqnz~mqu42yp4~57-null-null&eid=e8kqnz-mqu42yp4-57&otpToken=MWEwMzFlZTkxMTJmYzljM2I1MjQwNGVkNGUxY2UzYjY4N2M5ZDk0Mjk4YWI4ZjYxNzljMzA2Njk0NjUyNTVmMWY3ZGZiNzg3NDNlZGU2OWM1N2FlNThmZGZkNjAzODhkYjZkNzQ5N2UwZDE3N2NiYjJiZWUsMSwx",https://mail.google.com/mail/u/0/#inbox/19f0108faf6288b4,"https://www.linkedin.com/comm/jobs/search?keywords=Inside+Sales+Specialist&distance=25&geoId=106656885&f_TPR=a1782170828-&sortBy=R&origin=JOB_ALERT_EMAIL&originToLandingJobPostings=4349230461,4423453263,4418780952,4429386469,4432464738,4432435382&lipi=urn%3Ali%3Apage%3Aemail_email_job_alert_digest_01%3BdU8niSbWTUiS%2BM0ieI9X%2Bw%3D%3D&midToken=AQEueGkJOVadGg&midSig=1qHOw0Ad-aiYk1&trk=eml-email_job_alert_digest_01-primary_job_list-0-header_ssid_15481358100_fmid_e8kqnz~mqu42yp4~57&trkEmail=eml-email_job_alert_digest_01-primary_job_list-0-header_ssid_15481358100_fmid_e8kqnz~mqu42yp4~57-null-e8kqnz~mqu42yp4~57-null-null&eid=e8kqnz-mqu42yp4-57&otpToken=MWEwMzFlZTkxMTJmYzljM2I1MjQwNGVkNGUxY2UzYjY4N2M5ZDk0Mjk4YWI4ZjYxNzljMzA2Njk0NjUyNTVmMWY3ZGZiNzg3NDNlZGU2OWM1N2FlNThmZGZkNjAzODhkYjZkNzQ5N2UwZDE3N2NiYjJiZWUsMSwx",,"Resume-aligned: insurance, Remote, Minnesota location",Acquisition Sales Specialist - AI Solutions at Thomson Reuters,2026-06-25
job|[remote] crm / retention manager (email & sms)|hirevista|kenya,job|[remote] crm / retention manager (email & sms)|hirevista|kenya,[Remote] CRM / Retention Manager (Email & SMS),hirevista,Kenya,Google Job Alert,65,65,Possible Match,Salesforce / CRM,Salesforce Resume,Possible Resume Fit,65,"Lead with Salesforce Administrator certification | Highlight Flow Builder, reports, dashboards, and CRM process improvement | Mention hands-on Salesforce project work and business problem solving",None flagged,Salesforce security model | Flow Builder examples | Reports and dashboards | Business requirements gathering,"[Remote] CRM / Retention Manager (Email & SMS) at hirevista is a possible match for the Salesforce / CRM track. Aligns with Salesforce Administrator and CRM career goals Good opportunity to discuss Salesforce projects, dashboards, and automation Matches preferred location/work arrangement","Aligns with Salesforce Administrator and CRM career goals | Good opportunity to discuss Salesforce projects, dashboards, and automation | Matches preferred location/work arrangement","Use Salesforce Resume. Focus on: Lead with Salesforce Administrator certification | Highlight Flow Builder, reports, dashboards, and CRM process improvement | Mention hands-on Salesforce project work and business problem solving",Salesforce security model | Flow Builder examples | Reports and dashboards | Business requirements gathering,No major concerns flagged by current rules,Review only if time allows,Preferred,0,,Strong Target,Review,Review if time,Not Applied,Not Applied,,Salesforce Resume,No,,,,,,2026-06-27,,https://mail.google.com/mail/u/0/#inbox/19f0005b7fe8ee9f,https://mail.google.com/mail/u/0/#inbox/19f0005b7fe8ee9f,,"crm, Remote","10 new jobs for ""crm administrator remote "" - Jun 25",2026-06-25
"job|crm specialist, e-commerce (remote)|remotepromsp|us","job|crm specialist, e-commerce (remote)|remotepromsp|us","CRM Specialist, E-Commerce (Remote)",remotepromsp,United States,Google Job Alert,65,65,Possible Match,Salesforce / CRM,Salesforce Resume,Possible Resume Fit,65,"Lead with Salesforce Administrator certification | Highlight Flow Builder, reports, dashboards, and CRM process improvement | Mention hands-on Salesforce project work and business problem solving",None flagged,Salesforce security model | Flow Builder examples | Reports and dashboards | Business requirements gathering,"CRM Specialist, E-Commerce (Remote) at remotepromsp is a possible match for the Salesforce / CRM track. Aligns with Salesforce Administrator and CRM career goals Good opportunity to discuss Salesforce projects, dashboards, and automation Matches preferred location/work arrangement","Aligns with Salesforce Administrator and CRM career goals | Good opportunity to discuss Salesforce projects, dashboards, and automation | Matches preferred location/work arrangement","Use Salesforce Resume. Focus on: Lead with Salesforce Administrator certification | Highlight Flow Builder, reports, dashboards, and CRM process improvement | Mention hands-on Salesforce project work and business problem solving",Salesforce security model | Flow Builder examples | Reports and dashboards | Business requirements gathering,No major concerns flagged by current rules,Review only if time allows,Preferred,0,,Strong Target,Review,Review if time,Not Applied,Not Applied,,Salesforce Resume,No,,,,,,2026-06-27,,https://mail.google.com/mail/u/0/#inbox/19f0005b7fe8ee9f,https://mail.google.com/mail/u/0/#inbox/19f0005b7fe8ee9f,,"crm, Remote","10 new jobs for ""crm administrator remote "" - Jun 25",2026-06-25
job|salesforce administrator|tricom technical services|minnesota,job|salesforce administrator|tricom technical services|minnesota,SalesForce Administrator,TriCom Technical Services,"Little Canada, MN, United States",Google Job Alert,65,65,Possible Match,Salesforce / CRM,Salesforce Resume,Possible Resume Fit,65,"Lead with Salesforce Administrator certification | Highlight Flow Builder, reports, dashboards, and CRM process improvement | Mention hands-on Salesforce project work and business problem solving",None flagged,Salesforce security model | Flow Builder examples | Reports and dashboards | Business requirements gathering,"SalesForce Administrator at TriCom Technical Services is a possible match for the Salesforce / CRM track. Aligns with Salesforce Administrator and CRM career goals Good opportunity to discuss Salesforce projects, dashboards, and automation","Aligns with Salesforce Administrator and CRM career goals | Good opportunity to discuss Salesforce projects, dashboards, and automation","Use Salesforce Resume. Focus on: Lead with Salesforce Administrator certification | Highlight Flow Builder, reports, dashboards, and CRM process improvement | Mention hands-on Salesforce project work and business problem solving",Salesforce security model | Flow Builder examples | Reports and dashboards | Business requirements gathering,Location appears outside the target area,Review only if time allows,Outside Target Area,0,,Strong Target,Review,Review if time,Not Applied,Not Applied,,Salesforce Resume,No,,,,,,2026-06-27,,https://mail.google.com/mail/u/0/#inbox/19efeef9e37a27c1,https://mail.google.com/mail/u/0/#inbox/19efeef9e37a27c1,,"salesforce administrator, salesforce admin, salesforce, Minnesota location, Outside target location","10 new jobs for ""salesforce admin jobs mn"" - Jun 25",2026-06-25
url|linkedin.com|jobs/view/4431747393,url|linkedin.com|jobs/view/4431747393,Salesforce Administrator,TriCom Technical Services,"Little Canada, MN",LinkedIn,65,65,Possible Match,Salesforce / CRM,Salesforce Resume,Possible Resume Fit,65,"Lead with Salesforce Administrator certification | Highlight Flow Builder, reports, dashboards, and CRM process improvement | Mention hands-on Salesforce project work and business problem solving",None flagged,Salesforce security model | Flow Builder examples | Reports and dashboards | Business requirements gathering,"Salesforce Administrator at TriCom Technical Services is a possible match for the Salesforce / CRM track. Aligns with Salesforce Administrator and CRM career goals Good opportunity to discuss Salesforce projects, dashboards, and automation","Aligns with Salesforce Administrator and CRM career goals | Good opportunity to discuss Salesforce projects, dashboards, and automation","Use Salesforce Resume. Focus on: Lead with Salesforce Administrator certification | Highlight Flow Builder, reports, dashboards, and CRM process improvement | Mention hands-on Salesforce project work and business problem solving",Salesforce security model | Flow Builder examples | Reports and dashboards | Business requirements gathering,Location appears outside the target area,Review only if time allows,Outside Target Area,0,,Strong Target,Review,Review if time,Not Applied,Not Applied,,Salesforce Resume,No,,,,,,2026-06-27,https://www.linkedin.com/comm/jobs/view/4431747393/?trackingId=zE2dzmIVdS2OWKPGg00ddw%3D%3D&refId=111rY%2FQ3jlCcvd9l2er4Jw%3D%3D&lipi=urn%3Ali%3Apage%3Aemail_email_job_alert_digest_01%3BAn2yZyncQxGd1RHOIaFzGQ%3D%3D&midToken=AQEueGkJOVadGg&midSig=1F2anCZ-_ahYk1&trk=eml-email_job_alert_digest_01-primary_job_list-0-job_posting_0_jobid_4431747393_ssid_14905597132_fmid_e8kqnz~mqt5se3e~15&trkEmail=eml-email_job_alert_digest_01-primary_job_list-0-job_posting_0_jobid_4431747393_ssid_14905597132_fmid_e8kqnz~mqt5se3e~15-null-e8kqnz~mqt5se3e~15-null-null&eid=e8kqnz-mqt5se3e-15&otpToken=MWEwMzFlZTkxMTJmYzljM2I1MjQwNGVkNGUxY2U0YjM4ZWNmZDk0NTkxYTk4ZDYxNzljMzA2Njk0NjUyNTVmMWY3ZGZiYzk4NzFkN2ViZTY2MWJhNmE4ZmQ2OTdjNmU0OTg3MTUxNTk2MDdkNjVkM2QwMmEsMSwx,https://mail.google.com/mail/u/0/#inbox/19efd9a20ad0dbf7,https://www.linkedin.com/comm/jobs/view/4431747393/?trackingId=zE2dzmIVdS2OWKPGg00ddw%3D%3D&refId=111rY%2FQ3jlCcvd9l2er4Jw%3D%3D&lipi=urn%3Ali%3Apage%3Aemail_email_job_alert_digest_01%3BAn2yZyncQxGd1RHOIaFzGQ%3D%3D&midToken=AQEueGkJOVadGg&midSig=1F2anCZ-_ahYk1&trk=eml-email_job_alert_digest_01-primary_job_list-0-job_posting_0_jobid_4431747393_ssid_14905597132_fmid_e8kqnz~mqt5se3e~15&trkEmail=eml-email_job_alert_digest_01-primary_job_list-0-job_posting_0_jobid_4431747393_ssid_14905597132_fmid_e8kqnz~mqt5se3e~15-null-e8kqnz~mqt5se3e~15-null-null&eid=e8kqnz-mqt5se3e-15&otpToken=MWEwMzFlZTkxMTJmYzljM2I1MjQwNGVkNGUxY2U0YjM4ZWNmZDk0NTkxYTk4ZDYxNzljMzA2Njk0NjUyNTVmMWY3ZGZiYzk4NzFkN2ViZTY2MWJhNmE4ZmQ2OTdjNmU0OTg3MTUxNTk2MDdkNjVkM2QwMmEsMSwx,,"salesforce administrator, salesforce admin, salesforce, Minnesota location, Outside target location",Salesforce Administrator at TriCom Technical Services,2026-06-25
job|business systems analyst - hybrid|genesis10|minnesota,job|business systems analyst - hybrid|genesis10|minnesota,Business Systems Analyst - Hybrid,Genesis10,"Minneapolis, MN, United States",Google Job Alert,65,65,Possible Match,Business Analyst,Business Analyst Resume,Possible Resume Fit,65,"Use the Business Analyst resume | Highlight requirements gathering, stakeholder communication, and dashboard work | Connect analytics projects to business decisions",None flagged,Requirements gathering | Stakeholder communication | Data storytelling | Process improvement,"Business Systems Analyst - Hybrid at Genesis10 is a possible match for the Business Analyst track. Aligns with business analysis, requirements gathering, and data storytelling goals Good opportunity to connect projects to business decision-making Matches preferred location/work arrangement","Aligns with business analysis, requirements gathering, and data storytelling goals | Good opportunity to connect projects to business decision-making | Matches preferred location/work arrangement","Use Business Analyst Resume. Focus on: Use the Business Analyst resume | Highlight requirements gathering, stakeholder communication, and dashboard work | Connect analytics projects to business decisions",Requirements gathering | Stakeholder communication | Data storytelling | Process improvement,No major concerns flagged by current rules,Review only if time allows,Preferred,0,,Strong Target,Review,Review if time,Not Applied,Not Applied,,Business Analyst Resume,No,,,,,,2026-06-27,,https://mail.google.com/mail/u/0/#inbox/19efb9d8243663e9,https://mail.google.com/mail/u/0/#inbox/19efb9d8243663e9,,"analyst, Hybrid, Minnesota location","10 new jobs for ""business analyst jobs mn"" - Jun 24",2026-06-24
url|linkedin.com|jobs/view/4430581091,url|linkedin.com|jobs/view/4430581091,Remote Inside Sales Representative,Liberty Mutual Insurance,"Minneapolis, MN",LinkedIn,65,65,Possible Match,General / Other,General Resume,Possible Resume Fit,65,"Use the General resume | Highlight transferable operations, sales, customer support, and problem solving experience",None flagged,Transferable skills | Customer and stakeholder communication | Problem solving,Remote Inside Sales Representative at Liberty Mutual Insurance is a possible match for the General / Other track. Possible transferable-skills opportunity Matches preferred location/work arrangement,Possible transferable-skills opportunity | Matches preferred location/work arrangement,"Use General Resume. Focus on: Use the General resume | Highlight transferable operations, sales, customer support, and problem solving experience",Transferable skills | Customer and stakeholder communication | Problem solving,No major concerns flagged by current rules,Review only if time allows,Preferred,0,,Standard,Review,Review if time,Not Applied,Not Applied,,General Resume,No,,,,,,2026-06-27,https://www.linkedin.com/comm/jobs/view/4430581091/?trackingId=4%2Fh4ypmSzLlnwZbHgZpRdQ%3D%3D&refId=fpIkSyuqLlF7cxBsbCHUxA%3D%3D&lipi=urn%3Ali%3Apage%3Aemail_email_job_alert_digest_01%3BdMJ7wkPSQDy4ZFPy0a2nIQ%3D%3D&midToken=AQEueGkJOVadGg&midSig=2UyI-pxxa2hck1&trk=eml-email_job_alert_digest_01-primary_job_list-0-job_posting_2_jobid_4430581091_ssid_15481358100_fmid_e8kqnz~mqsbs5c9~z5&trkEmail=eml-email_job_alert_digest_01-primary_job_list-0-job_posting_2_jobid_4430581091_ssid_15481358100_fmid_e8kqnz~mqsbs5c9~z5-null-e8kqnz~mqsbs5c9~z5-null-null&eid=e8kqnz-mqsbs5c9-z5&otpToken=MWEwMzFlZTkxMTJmYzljM2I1MjQwNGVkNGUxY2U0YjY4ZmM2ZDA0Nzk4YTg4ZTYxNzljMzA2Njk0NjUyNTVmMWY3ZGZhOWJkNDVmN2RmZTcxYjgzNTE5MjQwNDVhMTdmNzYwZGM1MDY0NmIxNjNkMzY5ZmIsMSwx,https://mail.google.com/mail/u/0/#inbox/19efa9947aa659c7,https://www.linkedin.com/comm/jobs/view/4430581091/?trackingId=4%2Fh4ypmSzLlnwZbHgZpRdQ%3D%3D&refId=fpIkSyuqLlF7cxBsbCHUxA%3D%3D&lipi=urn%3Ali%3Apage%3Aemail_email_job_alert_digest_01%3BdMJ7wkPSQDy4ZFPy0a2nIQ%3D%3D&midToken=AQEueGkJOVadGg&midSig=2UyI-pxxa2hck1&trk=eml-email_job_alert_digest_01-primary_job_list-0-job_posting_2_jobid_4430581091_ssid_15481358100_fmid_e8kqnz~mqsbs5c9~z5&trkEmail=eml-email_job_alert_digest_01-primary_job_list-0-job_posting_2_jobid_4430581091_ssid_15481358100_fmid_e8kqnz~mqsbs5c9~z5-null-e8kqnz~mqsbs5c9~z5-null-null&eid=e8kqnz-mqsbs5c9-z5&otpToken=MWEwMzFlZTkxMTJmYzljM2I1MjQwNGVkNGUxY2U0YjY4ZmM2ZDA0Nzk4YTg4ZTYxNzljMzA2Njk0NjUyNTVmMWY3ZGZhOWJkNDVmN2RmZTcxYjgzNTE5MjQwNDVhMTdmNzYwZGM1MDY0NmIxNjNkMzY5ZmIsMSwx,,"Resume-aligned: insurance, Remote, Minnesota location",Remote Inside Sales Representative at Liberty Mutual: up to $75K/year,2026-06-24
job|sr data analyst - crecera brands|salt strong|minnesota,job|sr data analyst - crecera brands|salt strong|minnesota,Sr Data Analyst - Crecera Brands,Salt Strong,"Bloomington, MN, United States",Google Job Alert,65,65,Possible Match,Data / Reporting,Business Analytics Resume,Possible Resume Fit,65,"Use the Business Analytics resume | Highlight Excel, dashboards, reporting, Tableau, and analytics coursework | Show how reports helped decision making",None flagged,Excel analysis | Dashboard design | Data storytelling | SQL/SOQL basics,"Sr Data Analyst - Crecera Brands at Salt Strong is a possible match for the Data / Reporting track. Aligns with reporting, dashboards, Excel, Tableau, and analytics development Good opportunity to discuss data storytelling and decision support Matches preferred location/work arrangement","Aligns with reporting, dashboards, Excel, Tableau, and analytics development | Good opportunity to discuss data storytelling and decision support | Matches preferred location/work arrangement","Use Business Analytics Resume. Focus on: Use the Business Analytics resume | Highlight Excel, dashboards, reporting, Tableau, and analytics coursework | Show how reports helped decision making",Excel analysis | Dashboard design | Data storytelling | SQL/SOQL basics,No major concerns flagged by current rules,Review only if time allows,Preferred,0,,Strong Target,Review,Review if time,Not Applied,Not Applied,,Business Analytics Resume,No,,,,,,2026-06-27,,https://mail.google.com/mail/u/0/#inbox/19efa05a0d7549eb,https://mail.google.com/mail/u/0/#inbox/19efa05a0d7549eb,,"analyst, data analyst, Minnesota location","10 new jobs for ""analyst  jobs mn"" - Jun 24",2026-06-24
job|data analyst|cloud data vision|minnesota,job|data analyst|cloud data vision|minnesota,Data Analyst,Cloud Data Vision LLC,"Lauderdale, MN, United States",Google Job Alert,65,65,Possible Match,Data / Reporting,Business Analytics Resume,Possible Resume Fit,65,"Use the Business Analytics resume | Highlight Excel, dashboards, reporting, Tableau, and analytics coursework | Show how reports helped decision making",None flagged,Excel analysis | Dashboard design | Data storytelling | SQL/SOQL basics,"Data Analyst at Cloud Data Vision LLC is a possible match for the Data / Reporting track. Aligns with reporting, dashboards, Excel, Tableau, and analytics development Good opportunity to discuss data storytelling and decision support Matches preferred location/work arrangement","Aligns with reporting, dashboards, Excel, Tableau, and analytics development | Good opportunity to discuss data storytelling and decision support | Matches preferred location/work arrangement","Use Business Analytics Resume. Focus on: Use the Business Analytics resume | Highlight Excel, dashboards, reporting, Tableau, and analytics coursework | Show how reports helped decision making",Excel analysis | Dashboard design | Data storytelling | SQL/SOQL basics,No major concerns flagged by current rules,Review only if time allows,Preferred,0,,Strong Target,Review,Review if time,Not Applied,Not Applied,,Business Analytics Resume,No,,,,,,2026-06-27,,https://mail.google.com/mail/u/0/#inbox/19efa05a0d7549eb,https://mail.google.com/mail/u/0/#inbox/19efa05a0d7549eb,,"analyst, data analyst, Minnesota location","10 new jobs for ""analyst  jobs mn"" - Jun 24",2026-06-24
job|portfolio leader (manager/sr. manager/director)|salesforce|minnesota,job|portfolio leader (manager/sr. manager/director)|salesforce|minnesota,Portfolio Leader (Manager/Sr. Manager/Director),Salesforce,"Minneapolis, MN, United States",Google Job Alert,60,60,Possible Match,Salesforce / CRM,Salesforce Resume,Possible Resume Fit,60,"Lead with Salesforce Administrator certification | Highlight Flow Builder, reports, dashboards, and CRM process improvement | Mention hands-on Salesforce project work and business problem solving",None flagged,Salesforce security model | Flow Builder examples | Reports and dashboards | Business requirements gathering,"Portfolio Leader (Manager/Sr. Manager/Director) at Salesforce is a possible match for the Salesforce / CRM track. Aligns with Salesforce Administrator and CRM career goals Good opportunity to discuss Salesforce projects, dashboards, and automation Matches preferred location/work arrangement Company is flagged as Dream Company","Aligns with Salesforce Administrator and CRM career goals | Good opportunity to discuss Salesforce projects, dashboards, and automation | Matches preferred location/work arrangement | Company is flagged as Dream Company","Use Salesforce Resume. Focus on: Lead with Salesforce Administrator certification | Highlight Flow Builder, reports, dashboards, and CRM process improvement | Mention hands-on Salesforce project work and business problem solving",Salesforce security model | Flow Builder examples | Reports and dashboards | Business requirements gathering,No major concerns flagged by current rules,Review only if time allows,Preferred,35,Dream Company,Strong Target,Review,Review if time,Not Applied,Not Applied,,Salesforce Resume,No,,,,,,2026-06-27,,https://mail.google.com/mail/u/0/#inbox/19f0a24537d3b25f,https://mail.google.com/mail/u/0/#inbox/19f0a24537d3b25f,,"salesforce, Minnesota location, Dream Company: Salesforce, Possible mismatch","2 new jobs for ""salesforce admin jobs mn"" - Jun 27",2026-06-27
"job|decision scientist, market share analytics|best buy|minnesota","job|decision scientist, market share analytics|best buy|minnesota","Decision Scientist, Market Share Analytics",Best Buy,"Minneapolis, MN (On-site)",LinkedIn,60,60,Possible Match,Business Analyst,Business Analyst Resume,Possible Resume Fit,60,"Use the Business Analyst resume | Highlight requirements gathering, stakeholder communication, and dashboard work | Connect analytics projects to business decisions",None flagged,Requirements gathering | Stakeholder communication | Data storytelling | Process improvement,"Decision Scientist, Market Share Analytics at Best Buy is a possible match for the Business Analyst track. Aligns with business analysis, requirements gathering, and data storytelling goals Good opportunity to connect projects to business decision-making Matches preferred location/work arrangement Company is flagged as Target Company","Aligns with business analysis, requirements gathering, and data storytelling goals | Good opportunity to connect projects to business decision-making | Matches preferred location/work arrangement | Company is flagged as Target Company","Use Business Analyst Resume. Focus on: Use the Business Analyst resume | Highlight requirements gathering, stakeholder communication, and dashboard work | Connect analytics projects to business decisions",Requirements gathering | Stakeholder communication | Data storytelling | Process improvement,No major concerns flagged by current rules,Review only if time allows,Preferred,20,Target Company,Strong Target,Review,Review if time,Not Applied,Not Applied,,Business Analyst Resume,No,,,,,,2026-06-27,"https://www.linkedin.com/comm/jobs/search?keywords=Sales+Operations+Analyst&distance=25&geoId=103039849&f_TPR=a1782278256-&sortBy=R&origin=JOB_ALERT_EMAIL&originToLandingJobPostings=4432821790,4432538035&lipi=urn%3Ali%3Apage%3Aemail_email_job_alert_digest_01%3BAZhsc3cgQuC9PX6dMq%2BJjw%3D%3D&midToken=AQEueGkJOVadGg&midSig=3QVxD6vpwGksk1&trk=eml-email_job_alert_digest_01-primary_job_list-0-header_ssid_15746490908_fmid_e8kqnz~mqvjitaq~9c&trkEmail=eml-email_job_alert_digest_01-primary_job_list-0-header_ssid_15746490908_fmid_e8kqnz~mqvjitaq~9c-null-e8kqnz~mqvjitaq~9c-null-null&eid=e8kqnz-mqvjitaq-9c&otpToken=MWEwMzFlZTkxMTJmYzljM2I1MjQwNGVkNGUxY2UyYjU4YWNmZDk0Mjk4YTc4YjYxNzljMzA2Njk0NjUyNTVmMWY3ZGY5MDk2NzFlMWU4ZjIwMzkwYWFmMjBiMWE3NWI5ZWZkNGViMTZiZjFlOWVjNDgwMzksMSwx",https://mail.google.com/mail/u/0/#inbox/19f062f5619365e8,"https://www.linkedin.com/comm/jobs/search?keywords=Sales+Operations+Analyst&distance=25&geoId=103039849&f_TPR=a1782278256-&sortBy=R&origin=JOB_ALERT_EMAIL&originToLandingJobPostings=4432821790,4432538035&lipi=urn%3Ali%3Apage%3Aemail_email_job_alert_digest_01%3BAZhsc3cgQuC9PX6dMq%2BJjw%3D%3D&midToken=AQEueGkJOVadGg&midSig=3QVxD6vpwGksk1&trk=eml-email_job_alert_digest_01-primary_job_list-0-header_ssid_15746490908_fmid_e8kqnz~mqvjitaq~9c&trkEmail=eml-email_job_alert_digest_01-primary_job_list-0-header_ssid_15746490908_fmid_e8kqnz~mqvjitaq~9c-null-e8kqnz~mqvjitaq~9c-null-null&eid=e8kqnz-mqvjitaq-9c&otpToken=MWEwMzFlZTkxMTJmYzljM2I1MjQwNGVkNGUxY2UyYjU4YWNmZDk0Mjk4YTc4YjYxNzljMzA2Njk0NjUyNTVmMWY3ZGY5MDk2NzFlMWU4ZjIwMzkwYWFmMjBiMWE3NWI5ZWZkNGViMTZiZjFlOWVjNDgwMzksMSwx",,"analytics, Minnesota location, Target Company: Best Buy","Area Sales Strategy Business Analyst, Rhythm Solutions at Boston Scientific",2026-06-26
job|senior salesforce architect & enterprise solution lead|techohana|minnesota,job|senior salesforce architect & enterprise solution lead|techohana|minnesota,Senior Salesforce Architect & Enterprise Solution Lead,TECHOHANA,"Blaine, MN, United States",Google Job Alert,60,60,Possible Match,Salesforce / CRM,Salesforce Resume,Possible Resume Fit,60,"Lead with Salesforce Administrator certification | Highlight Flow Builder, reports, dashboards, and CRM process improvement | Mention hands-on Salesforce project work and business problem solving",None flagged,Salesforce security model | Flow Builder examples | Reports and dashboards | Business requirements gathering,"Senior Salesforce Architect & Enterprise Solution Lead at TECHOHANA is a possible match for the Salesforce / CRM track. Aligns with Salesforce Administrator and CRM career goals Good opportunity to discuss Salesforce projects, dashboards, and automation Matches preferred location/work arrangement","Aligns with Salesforce Administrator and CRM career goals | Good opportunity to discuss Salesforce projects, dashboards, and automation | Matches preferred location/work arrangement","Use Salesforce Resume. Focus on: Lead with Salesforce Administrator certification | Highlight Flow Builder, reports, dashboards, and CRM process improvement | Mention hands-on Salesforce project work and business problem solving",Salesforce security model | Flow Builder examples | Reports and dashboards | Business requirements gathering,No major concerns flagged by current rules,Review only if time allows,Preferred,0,,Strong Target,Review,Review if time,Not Applied,Not Applied,,Salesforce Resume,No,,,,,,2026-06-27,,https://mail.google.com/mail/u/0/#inbox/19f0415fee23218a,https://mail.google.com/mail/u/0/#inbox/19f0415fee23218a,,"salesforce, erp, Minnesota location","6 new jobs for ""salesforce admin jobs mn"" - Jun 26",2026-06-26
job|crm admin and marketing coordinator|geffen mesher and pc|us,job|crm admin and marketing coordinator|geffen mesher and pc|us,CRM Admin and Marketing Coordinator,Geffen Mesher & Company PC,"Portland, OR, United States",Google Job Alert,60,60,Possible Match,Salesforce / CRM,Salesforce Resume,Possible Resume Fit,60,"Lead with Salesforce Administrator certification | Highlight Flow Builder, reports, dashboards, and CRM process improvement | Mention hands-on Salesforce project work and business problem solving",None flagged,Salesforce security model | Flow Builder examples | Reports and dashboards | Business requirements gathering,"CRM Admin and Marketing Coordinator at Geffen Mesher & Company PC is a possible match for the Salesforce / CRM track. Aligns with Salesforce Administrator and CRM career goals Good opportunity to discuss Salesforce projects, dashboards, and automation Matches preferred location/work arrangement","Aligns with Salesforce Administrator and CRM career goals | Good opportunity to discuss Salesforce projects, dashboards, and automation | Matches preferred location/work arrangement","Use Salesforce Resume. Focus on: Lead with Salesforce Administrator certification | Highlight Flow Builder, reports, dashboards, and CRM process improvement | Mention hands-on Salesforce project work and business problem solving",Salesforce security model | Flow Builder examples | Reports and dashboards | Business requirements gathering,No major concerns flagged by current rules,Review only if time allows,Preferred,0,,Strong Target,Review,Review if time,Not Applied,Not Applied,,Salesforce Resume,No,,,,,,2026-06-27,,https://mail.google.com/mail/u/0/#inbox/19efadf092316c20,https://mail.google.com/mail/u/0/#inbox/19efadf092316c20,,"crm admin, crm","10 new jobs for ""crm administrator remote "" - Jun 24",2026-06-24
"job|associate, sales - target + aldi|chomps|minnesota","job|associate, sales - target + aldi|chomps|minnesota","Associate, Sales - Target + Aldi",Chomps,"Minneapolis, MN (Remote)",LinkedIn,55,55,Possible Match,Salesforce / CRM,Salesforce Resume,Low Resume Fit,55,"Lead with Salesforce Administrator certification | Highlight Flow Builder, reports, dashboards, and CRM process improvement | Mention hands-on Salesforce project work and business problem solving",Data Cloud,Salesforce security model | Flow Builder examples | Reports and dashboards | Business requirements gathering,"Associate, Sales - Target + Aldi at Chomps is a possible match for the Salesforce / CRM track. Aligns with Salesforce Administrator and CRM career goals Good opportunity to discuss Salesforce projects, dashboards, and automation Matches preferred location/work arrangement","Aligns with Salesforce Administrator and CRM career goals | Good opportunity to discuss Salesforce projects, dashboards, and automation | Matches preferred location/work arrangement","Use Salesforce Resume. Focus on: Lead with Salesforce Administrator certification | Highlight Flow Builder, reports, dashboards, and CRM process improvement | Mention hands-on Salesforce project work and business problem solving",Salesforce security model | Flow Builder examples | Reports and dashboards | Business requirements gathering,Review possible missing/watch skills: Data Cloud,Review only if time allows,Preferred,0,,Good Target,Review,Review if time,Not Applied,Not Applied,,Salesforce Resume,No,,,,,,2026-06-27,"https://www.linkedin.com/comm/jobs/search?keywords=Sales+Operations+Analyst&distance=25&geoId=103039849&f_TPR=a1782170828-&sortBy=R&origin=JOB_ALERT_EMAIL&originToLandingJobPostings=4422030767,4432432487,4429434184,4430552944,4429446629&lipi=urn%3Ali%3Apage%3Aemail_email_job_alert_digest_01%3B4HQb9M6IR5OWHz9Wh%2B8L4w%3D%3D&midToken=AQEueGkJOVadGg&midSig=1qHOw0Ad-aiYk1&trk=eml-email_job_alert_digest_01-primary_job_list-0-header_ssid_15746490908_fmid_e8kqnz~mqu42yp5~1k&trkEmail=eml-email_job_alert_digest_01-primary_job_list-0-header_ssid_15746490908_fmid_e8kqnz~mqu42yp5~1k-null-e8kqnz~mqu42yp5~1k-null-null&eid=e8kqnz-mqu42yp5-1k&otpToken=MWEwMzFlZTkxMTJmYzljM2I1MjQwNGVkNGUxY2UzYjY4N2M5ZDk0Mjk4YTg4ODYxNzljMzA2Njk0NjUyNTVmMWY3ZGZiYWI3NDNlNmJiZDk1Zjg2OTVjZmZhMzliNmI0YzQ4MDgzZTgwMTI3ZmYyODVhM2MsMSwx",https://mail.google.com/mail/u/0/#inbox/19f0108fd9817636,"https://www.linkedin.com/comm/jobs/search?keywords=Sales+Operations+Analyst&distance=25&geoId=103039849&f_TPR=a1782170828-&sortBy=R&origin=JOB_ALERT_EMAIL&originToLandingJobPostings=4422030767,4432432487,4429434184,4430552944,4429446629&lipi=urn%3Ali%3Apage%3Aemail_email_job_alert_digest_01%3B4HQb9M6IR5OWHz9Wh%2B8L4w%3D%3D&midToken=AQEueGkJOVadGg&midSig=1qHOw0Ad-aiYk1&trk=eml-email_job_alert_digest_01-primary_job_list-0-header_ssid_15746490908_fmid_e8kqnz~mqu42yp5~1k&trkEmail=eml-email_job_alert_digest_01-primary_job_list-0-header_ssid_15746490908_fmid_e8kqnz~mqu42yp5~1k-null-e8kqnz~mqu42yp5~1k-null-null&eid=e8kqnz-mqu42yp5-1k&otpToken=MWEwMzFlZTkxMTJmYzljM2I1MjQwNGVkNGUxY2UzYjY4N2M5ZDk0Mjk4YTg4ODYxNzljMzA2Njk0NjUyNTVmMWY3ZGZiYWI3NDNlNmJiZDk1Zjg2OTVjZmZhMzliNmI0YzQ4MDgzZTgwMTI3ZmYyODVhM2MsMSwx",,"Remote, Minnesota location",Salesforce Data Cloud Specialist -Remote USA at Addison Group,2026-06-25
job|strategic accounts support associate|swannies|minnesota,job|strategic accounts support associate|swannies|minnesota,Strategic Accounts Support Associate,Swannies,Greater Minneapolis-St. Paul Area (Remote),LinkedIn,55,55,Possible Match,Salesforce / CRM,Salesforce Resume,Low Resume Fit,55,"Lead with Salesforce Administrator certification | Highlight Flow Builder, reports, dashboards, and CRM process improvement | Mention hands-on Salesforce project work and business problem solving",Data Cloud,Salesforce security model | Flow Builder examples | Reports and dashboards | Business requirements gathering,"Strategic Accounts Support Associate at Swannies is a possible match for the Salesforce / CRM track. Aligns with Salesforce Administrator and CRM career goals Good opportunity to discuss Salesforce projects, dashboards, and automation Matches preferred location/work arrangement","Aligns with Salesforce Administrator and CRM career goals | Good opportunity to discuss Salesforce projects, dashboards, and automation | Matches preferred location/work arrangement","Use Salesforce Resume. Focus on: Lead with Salesforce Administrator certification | Highlight Flow Builder, reports, dashboards, and CRM process improvement | Mention hands-on Salesforce project work and business problem solving",Salesforce security model | Flow Builder examples | Reports and dashboards | Business requirements gathering,Review possible missing/watch skills: Data Cloud,Review only if time allows,Preferred,0,,Good Target,Review,Review if time,Not Applied,Not Applied,,Salesforce Resume,No,,,,,,2026-06-27,"https://www.linkedin.com/comm/jobs/search?keywords=Sales+Operations+Analyst&distance=25&geoId=103039849&f_TPR=a1782170828-&sortBy=R&origin=JOB_ALERT_EMAIL&originToLandingJobPostings=4422030767,4432432487,4429434184,4430552944,4429446629&lipi=urn%3Ali%3Apage%3Aemail_email_job_alert_digest_01%3B4HQb9M6IR5OWHz9Wh%2B8L4w%3D%3D&midToken=AQEueGkJOVadGg&midSig=1qHOw0Ad-aiYk1&trk=eml-email_job_alert_digest_01-primary_job_list-0-header_ssid_15746490908_fmid_e8kqnz~mqu42yp5~1k&trkEmail=eml-email_job_alert_digest_01-primary_job_list-0-header_ssid_15746490908_fmid_e8kqnz~mqu42yp5~1k-null-e8kqnz~mqu42yp5~1k-null-null&eid=e8kqnz-mqu42yp5-1k&otpToken=MWEwMzFlZTkxMTJmYzljM2I1MjQwNGVkNGUxY2UzYjY4N2M5ZDk0Mjk4YTg4ODYxNzljMzA2Njk0NjUyNTVmMWY3ZGZiYWI3NDNlNmJiZDk1Zjg2OTVjZmZhMzliNmI0YzQ4MDgzZTgwMTI3ZmYyODVhM2MsMSwx",https://mail.google.com/mail/u/0/#inbox/19f0108fd9817636,"https://www.linkedin.com/comm/jobs/search?keywords=Sales+Operations+Analyst&distance=25&geoId=103039849&f_TPR=a1782170828-&sortBy=R&origin=JOB_ALERT_EMAIL&originToLandingJobPostings=4422030767,4432432487,4429434184,4430552944,4429446629&lipi=urn%3Ali%3Apage%3Aemail_email_job_alert_digest_01%3B4HQb9M6IR5OWHz9Wh%2B8L4w%3D%3D&midToken=AQEueGkJOVadGg&midSig=1qHOw0Ad-aiYk1&trk=eml-email_job_alert_digest_01-primary_job_list-0-header_ssid_15746490908_fmid_e8kqnz~mqu42yp5~1k&trkEmail=eml-email_job_alert_digest_01-primary_job_list-0-header_ssid_15746490908_fmid_e8kqnz~mqu42yp5~1k-null-e8kqnz~mqu42yp5~1k-null-null&eid=e8kqnz-mqu42yp5-1k&otpToken=MWEwMzFlZTkxMTJmYzljM2I1MjQwNGVkNGUxY2UzYjY4N2M5ZDk0Mjk4YTg4ODYxNzljMzA2Njk0NjUyNTVmMWY3ZGZiYWI3NDNlNmJiZDk1Zjg2OTVjZmZhMzliNmI0YzQ4MDgzZTgwMTI3ZmYyODVhM2MsMSwx",,"Remote, Minnesota location",Salesforce Data Cloud Specialist -Remote USA at Addison Group,2026-06-25
job|acquisition sales specialist - ai solutions|thomson reuters|minnesota,job|acquisition sales specialist - ai solutions|thomson reuters|minnesota,Acquisition Sales Specialist - AI Solutions,Thomson Reuters,"Eagan, MN (Remote)",LinkedIn,55,55,Possible Match,General / Other,General Resume,Low Resume Fit,55,"Use the General resume | Highlight transferable operations, sales, customer support, and problem solving experience",None flagged,Transferable skills | Customer and stakeholder communication | Problem solving,Acquisition Sales Specialist - AI Solutions at Thomson Reuters is a possible match for the General / Other track. Possible transferable-skills opportunity Matches preferred location/work arrangement,Possible transferable-skills opportunity | Matches preferred location/work arrangement,"Use General Resume. Focus on: Use the General resume | Highlight transferable operations, sales, customer support, and problem solving experience",Transferable skills | Customer and stakeholder communication | Problem solving,No major concerns flagged by current rules,Review only if time allows,Preferred,0,,Standard,Review,Review if time,Not Applied,Not Applied,,General Resume,No,,,,,,2026-06-27,"https://www.linkedin.com/comm/jobs/search?keywords=Inside+Sales+Specialist&distance=25&geoId=106656885&f_TPR=a1782170828-&sortBy=R&origin=JOB_ALERT_EMAIL&originToLandingJobPostings=4349230461,4423453263,4418780952,4429386469,4432464738,4432435382&lipi=urn%3Ali%3Apage%3Aemail_email_job_alert_digest_01%3BdU8niSbWTUiS%2BM0ieI9X%2Bw%3D%3D&midToken=AQEueGkJOVadGg&midSig=1qHOw0Ad-aiYk1&trk=eml-email_job_alert_digest_01-primary_job_list-0-header_ssid_15481358100_fmid_e8kqnz~mqu42yp4~57&trkEmail=eml-email_job_alert_digest_01-primary_job_list-0-header_ssid_15481358100_fmid_e8kqnz~mqu42yp4~57-null-e8kqnz~mqu42yp4~57-null-null&eid=e8kqnz-mqu42yp4-57&otpToken=MWEwMzFlZTkxMTJmYzljM2I1MjQwNGVkNGUxY2UzYjY4N2M5ZDk0Mjk4YWI4ZjYxNzljMzA2Njk0NjUyNTVmMWY3ZGZiNzg3NDNlZGU2OWM1N2FlNThmZGZkNjAzODhkYjZkNzQ5N2UwZDE3N2NiYjJiZWUsMSwx",https://mail.google.com/mail/u/0/#inbox/19f0108faf6288b4,"https://www.linkedin.com/comm/jobs/search?keywords=Inside+Sales+Specialist&distance=25&geoId=106656885&f_TPR=a1782170828-&sortBy=R&origin=JOB_ALERT_EMAIL&originToLandingJobPostings=4349230461,4423453263,4418780952,4429386469,4432464738,4432435382&lipi=urn%3Ali%3Apage%3Aemail_email_job_alert_digest_01%3BdU8niSbWTUiS%2BM0ieI9X%2Bw%3D%3D&midToken=AQEueGkJOVadGg&midSig=1qHOw0Ad-aiYk1&trk=eml-email_job_alert_digest_01-primary_job_list-0-header_ssid_15481358100_fmid_e8kqnz~mqu42yp4~57&trkEmail=eml-email_job_alert_digest_01-primary_job_list-0-header_ssid_15481358100_fmid_e8kqnz~mqu42yp4~57-null-e8kqnz~mqu42yp4~57-null-null&eid=e8kqnz-mqu42yp4-57&otpToken=MWEwMzFlZTkxMTJmYzljM2I1MjQwNGVkNGUxY2UzYjY4N2M5ZDk0Mjk4YWI4ZjYxNzljMzA2Njk0NjUyNTVmMWY3ZGZiNzg3NDNlZGU2OWM1N2FlNThmZGZkNjAzODhkYjZkNzQ5N2UwZDE3N2NiYjJiZWUsMSwx",,"Remote, Minnesota location",Acquisition Sales Specialist - AI Solutions at Thomson Reuters,2026-06-25
job|inventory coordinator (1st shift)|cardinal health|minnesota,job|inventory coordinator (1st shift)|cardinal health|minnesota,Inventory Coordinator (1st shift),Cardinal Health,"Champlin, MN",LinkedIn,55,55,Possible Match,Operations / Supply Chain,Operations / Supply Chain Resume,Low Resume Fit,55,"Use the Operations / Supply Chain resume | Highlight inventory, purchasing, work orders, Maximo, and plant operations | Connect storeroom experience to process improvement and data tracking",None flagged,Inventory control | Purchasing and receiving | Process improvement | Operations problem solving,"Inventory Coordinator (1st shift) at Cardinal Health is a possible match for the Operations / Supply Chain track. Aligns with operations, inventory, purchasing, and process improvement experience Good fit for connecting plant operations experience to analytics and reporting Matches preferred location/work arrangement","Aligns with operations, inventory, purchasing, and process improvement experience | Good fit for connecting plant operations experience to analytics and reporting | Matches preferred location/work arrangement","Use Operations / Supply Chain Resume. Focus on: Use the Operations / Supply Chain resume | Highlight inventory, purchasing, work orders, Maximo, and plant operations | Connect storeroom experience to process improvement and data tracking",Inventory control | Purchasing and receiving | Process improvement | Operations problem solving,No major concerns flagged by current rules,Review only if time allows,Preferred,0,,Good Target,Review,Review if time,Not Applied,Not Applied,,Operations / Supply Chain Resume,No,,,,,,2026-06-27,"https://www.linkedin.com/comm/jobs/search?keywords=Order+Management+Analyst&distance=25&geoId=104195615&f_TPR=a1782170828-&sortBy=R&origin=JOB_ALERT_EMAIL&originToLandingJobPostings=4432432920,4431431050,4431264881,4419225568,4432451846,4432275927&lipi=urn%3Ali%3Apage%3Aemail_email_job_alert_digest_01%3BdIDijjz9S3GkI2Mtkhb5rw%3D%3D&midToken=AQEueGkJOVadGg&midSig=3rMDXBKjOqiIk1&trk=eml-email_job_alert_digest_01-primary_job_list-0-header_ssid_15701694044_fmid_e8kqnz~mqtviba1~4o&trkEmail=eml-email_job_alert_digest_01-primary_job_list-0-header_ssid_15701694044_fmid_e8kqnz~mqtviba1~4o-null-e8kqnz~mqtviba1~4o-null-null&eid=e8kqnz-mqtviba1-4o&otpToken=MWEwMzFlZTkxMTJmYzljM2I1MjQwNGVkNGUxY2UzYjU4YmNkZDk0Nzk4YWM4ZTYxNzljMzA2Njk0NjUyNTVmMWY3ZGZhMmI0NzJhZGUzODA2ZTljMTViM2ZjNDQ5NTYwMjQ4OTQ0MjQ0ODc0NjAzYzFjOWQsMSwx",https://mail.google.com/mail/u/0/#inbox/19f002d53c506e28,"https://www.linkedin.com/comm/jobs/search?keywords=Order+Management+Analyst&distance=25&geoId=104195615&f_TPR=a1782170828-&sortBy=R&origin=JOB_ALERT_EMAIL&originToLandingJobPostings=4432432920,4431431050,4431264881,4419225568,4432451846,4432275927&lipi=urn%3Ali%3Apage%3Aemail_email_job_alert_digest_01%3BdIDijjz9S3GkI2Mtkhb5rw%3D%3D&midToken=AQEueGkJOVadGg&midSig=3rMDXBKjOqiIk1&trk=eml-email_job_alert_digest_01-primary_job_list-0-header_ssid_15701694044_fmid_e8kqnz~mqtviba1~4o&trkEmail=eml-email_job_alert_digest_01-primary_job_list-0-header_ssid_15701694044_fmid_e8kqnz~mqtviba1~4o-null-e8kqnz~mqtviba1~4o-null-null&eid=e8kqnz-mqtviba1-4o&otpToken=MWEwMzFlZTkxMTJmYzljM2I1MjQwNGVkNGUxY2UzYjU4YmNkZDk0Nzk4YWM4ZTYxNzljMzA2Njk0NjUyNTVmMWY3ZGZhMmI0NzJhZGUzODA2ZTljMTViM2ZjNDQ5NTYwMjQ4OTQ0MjQ0ODc0NjAzYzFjOWQsMSwx",,"inventory, Resume-aligned: inventory, Resume-aligned: procurement, Minnesota location",Procurement Specialist at PartsSource Inc.,2026-06-25
"job|revops analyst, post-sales (ai & automation)|checkr|denver co","job|revops analyst, post-sales (ai & automation)|checkr|denver co","RevOps Analyst, Post-Sales (AI & Automation)","Checkr, Inc.","Denver, CO",LinkedIn,55,55,Possible Match,Salesforce / CRM,Salesforce Resume,Low Resume Fit,55,"Lead with Salesforce Administrator certification | Highlight Flow Builder, reports, dashboards, and CRM process improvement | Mention hands-on Salesforce project work and business problem solving",None flagged,Salesforce security model | Flow Builder examples | Reports and dashboards | Business requirements gathering,"RevOps Analyst, Post-Sales (AI & Automation) at Checkr, Inc. is a possible match for the Salesforce / CRM track. Aligns with Salesforce Administrator and CRM career goals Good opportunity to discuss Salesforce projects, dashboards, and automation","Aligns with Salesforce Administrator and CRM career goals | Good opportunity to discuss Salesforce projects, dashboards, and automation","Use Salesforce Resume. Focus on: Lead with Salesforce Administrator certification | Highlight Flow Builder, reports, dashboards, and CRM process improvement | Mention hands-on Salesforce project work and business problem solving",Salesforce security model | Flow Builder examples | Reports and dashboards | Business requirements gathering,Location may need manual review,Review only if time allows,Unknown,0,,Strong Target,Review,Review if time,Not Applied,Not Applied,,Salesforce Resume,No,,,,,,2026-06-27,"https://www.linkedin.com/comm/jobs/search?keywords=Operations+Analyst&distance=25&geoId=103644278&f_TPR=a1782236112-&f_SAL=&sortBy=R&origin=JOB_ALERT_EMAIL&originToLandingJobPostings=4432443602,4422609092,4318124641,4432457064,4422612090,4432507283&lipi=urn%3Ali%3Apage%3Aemail_email_job_alert_digest_01%3BIPflYn26Q1Gia%2FTCYIqJyQ%3D%3D&midToken=AQEueGkJOVadGg&midSig=0XISufhXEyiIk1&trk=eml-email_job_alert_digest_01-primary_job_list-0-header_ssid_15895669172_fmid_e8kqnz~mqtr7zz4~rc&trkEmail=eml-email_job_alert_digest_01-primary_job_list-0-header_ssid_15895669172_fmid_e8kqnz~mqtr7zz4~rc-null-e8kqnz~mqtr7zz4~rc-null-null&eid=e8kqnz-mqtr7zz4-rc&otpToken=MWEwMzFlZTkxMTJmYzljM2I1MjQwNGVkNGUxY2UzYjQ4OGNjZDE0Nzk5YWY4ODYxNzljMzA2Njk0NjUyNTVmMWY3ZGZkM2ZlMGZkYWM3ZmU1ZTg2ZmQ5NTcxYTMxY2VlNThhMDhmY2M0YTJiODkxNmE1NmQsMSwx",https://mail.google.com/mail/u/0/#inbox/19effbfbef3ae91e,"https://www.linkedin.com/comm/jobs/search?keywords=Operations+Analyst&distance=25&geoId=103644278&f_TPR=a1782236112-&f_SAL=&sortBy=R&origin=JOB_ALERT_EMAIL&originToLandingJobPostings=4432443602,4422609092,4318124641,4432457064,4422612090,4432507283&lipi=urn%3Ali%3Apage%3Aemail_email_job_alert_digest_01%3BIPflYn26Q1Gia%2FTCYIqJyQ%3D%3D&midToken=AQEueGkJOVadGg&midSig=0XISufhXEyiIk1&trk=eml-email_job_alert_digest_01-primary_job_list-0-header_ssid_15895669172_fmid_e8kqnz~mqtr7zz4~rc&trkEmail=eml-email_job_alert_digest_01-primary_job_list-0-header_ssid_15895669172_fmid_e8kqnz~mqtr7zz4~rc-null-e8kqnz~mqtr7zz4~rc-null-null&eid=e8kqnz-mqtr7zz4-rc&otpToken=MWEwMzFlZTkxMTJmYzljM2I1MjQwNGVkNGUxY2UzYjQ4OGNjZDE0Nzk5YWY4ODYxNzljMzA2Njk0NjUyNTVmMWY3ZGZkM2ZlMGZkYWM3ZmU1ZTg2ZmQ5NTcxYTMxY2VlNThhMDhmY2M0YTJiODkxNmE1NmQsMSwx",,"analyst, revops",Sales Operations Analyst / Salesforce / AI at Motion Recruitment,2026-06-25
job|salesforce|minneapolis mn united states|via linkedin,job|salesforce|minneapolis mn united states|via linkedin,Salesforce,"Minneapolis, MN, United States",via LinkedIn,Google Job Alert,50,50,Possible Match,Salesforce / CRM,Salesforce Resume,Low Resume Fit,50,"Lead with Salesforce Administrator certification | Highlight Flow Builder, reports, dashboards, and CRM process improvement | Mention hands-on Salesforce project work and business problem solving",None flagged,Salesforce security model | Flow Builder examples | Reports and dashboards | Business requirements gathering,"Salesforce at Minneapolis, MN, United States is a possible match for the Salesforce / CRM track. Aligns with Salesforce Administrator and CRM career goals Good opportunity to discuss Salesforce projects, dashboards, and automation Matches preferred location/work arrangement","Aligns with Salesforce Administrator and CRM career goals | Good opportunity to discuss Salesforce projects, dashboards, and automation | Matches preferred location/work arrangement","Use Salesforce Resume. Focus on: Lead with Salesforce Administrator certification | Highlight Flow Builder, reports, dashboards, and CRM process improvement | Mention hands-on Salesforce project work and business problem solving",Salesforce security model | Flow Builder examples | Reports and dashboards | Business requirements gathering,No major concerns flagged by current rules,Review only if time allows,Preferred,0,,Strong Target,Review,Review if time,Not Applied,Not Applied,,Salesforce Resume,No,,,,,,2026-06-27,,https://mail.google.com/mail/u/0/#inbox/19f0a24537d3b25f,https://mail.google.com/mail/u/0/#inbox/19f0a24537d3b25f,,"salesforce, Minnesota location","2 new jobs for ""salesforce admin jobs mn"" - Jun 27",2026-06-27
"job|salesforce.com, inc.|minnesota city mn united states|via management jobs for colu fans","job|salesforce.com, inc.|minnesota city mn united states|via management jobs for colu fans","Salesforce.com, Inc.","Minnesota City, MN, United States",via Management Jobs For ColU Fans,Google Job Alert,50,50,Possible Match,Salesforce / CRM,Salesforce Resume,Low Resume Fit,50,"Lead with Salesforce Administrator certification | Highlight Flow Builder, reports, dashboards, and CRM process improvement | Mention hands-on Salesforce project work and business problem solving",None flagged,Salesforce security model | Flow Builder examples | Reports and dashboards | Business requirements gathering,"Salesforce.com, Inc. at Minnesota City, MN, United States is a possible match for the Salesforce / CRM track. Aligns with Salesforce Administrator and CRM career goals Good opportunity to discuss Salesforce projects, dashboards, and automation Matches preferred location/work arrangement","Aligns with Salesforce Administrator and CRM career goals | Good opportunity to discuss Salesforce projects, dashboards, and automation | Matches preferred location/work arrangement","Use Salesforce Resume. Focus on: Lead with Salesforce Administrator certification | Highlight Flow Builder, reports, dashboards, and CRM process improvement | Mention hands-on Salesforce project work and business problem solving",Salesforce security model | Flow Builder examples | Reports and dashboards | Business requirements gathering,No major concerns flagged by current rules,Review only if time allows,Preferred,0,,Strong Target,Review,Review if time,Not Applied,Not Applied,,Salesforce Resume,No,,,,,,2026-06-27,,https://mail.google.com/mail/u/0/#inbox/19f0a24537d3b25f,https://mail.google.com/mail/u/0/#inbox/19f0a24537d3b25f,,"salesforce, Minnesota location","2 new jobs for ""salesforce admin jobs mn"" - Jun 27",2026-06-27
job|salesforce manager|techdigital group|minnesota,job|salesforce manager|techdigital group|minnesota,Salesforce Manager,TechDigital Group,"Rochester, MN, United States",Google Job Alert,50,50,Possible Match,Salesforce / CRM,Salesforce Resume,Low Resume Fit,50,"Lead with Salesforce Administrator certification | Highlight Flow Builder, reports, dashboards, and CRM process improvement | Mention hands-on Salesforce project work and business problem solving",None flagged,Salesforce security model | Flow Builder examples | Reports and dashboards | Business requirements gathering,"Salesforce Manager at TechDigital Group is a possible match for the Salesforce / CRM track. Aligns with Salesforce Administrator and CRM career goals Good opportunity to discuss Salesforce projects, dashboards, and automation Matches preferred location/work arrangement","Aligns with Salesforce Administrator and CRM career goals | Good opportunity to discuss Salesforce projects, dashboards, and automation | Matches preferred location/work arrangement","Use Salesforce Resume. Focus on: Lead with Salesforce Administrator certification | Highlight Flow Builder, reports, dashboards, and CRM process improvement | Mention hands-on Salesforce project work and business problem solving",Salesforce security model | Flow Builder examples | Reports and dashboards | Business requirements gathering,No major concerns flagged by current rules,Review only if time allows,Preferred,0,,Strong Target,Review,Review if time,Not Applied,Not Applied,,Salesforce Resume,No,,,,,,2026-06-27,,https://mail.google.com/mail/u/0/#inbox/19f0415fee23218a,https://mail.google.com/mail/u/0/#inbox/19f0415fee23218a,,"salesforce, Minnesota location","6 new jobs for ""salesforce admin jobs mn"" - Jun 26",2026-06-26
job|salesforce architect|techohana|minnesota,job|salesforce architect|techohana|minnesota,Salesforce Architect,TECHOHANA,"Bloomington, MN, United States",Google Job Alert,50,50,Possible Match,Salesforce / CRM,Salesforce Resume,Low Resume Fit,50,"Lead with Salesforce Administrator certification | Highlight Flow Builder, reports, dashboards, and CRM process improvement | Mention hands-on Salesforce project work and business problem solving",None flagged,Salesforce security model | Flow Builder examples | Reports and dashboards | Business requirements gathering,"Salesforce Architect at TECHOHANA is a possible match for the Salesforce / CRM track. Aligns with Salesforce Administrator and CRM career goals Good opportunity to discuss Salesforce projects, dashboards, and automation Matches preferred location/work arrangement","Aligns with Salesforce Administrator and CRM career goals | Good opportunity to discuss Salesforce projects, dashboards, and automation | Matches preferred location/work arrangement","Use Salesforce Resume. Focus on: Lead with Salesforce Administrator certification | Highlight Flow Builder, reports, dashboards, and CRM process improvement | Mention hands-on Salesforce project work and business problem solving",Salesforce security model | Flow Builder examples | Reports and dashboards | Business requirements gathering,No major concerns flagged by current rules,Review only if time allows,Preferred,0,,Strong Target,Review,Review if time,Not Applied,Not Applied,,Salesforce Resume,No,,,,,,2026-06-27,,https://mail.google.com/mail/u/0/#inbox/19f0415fee23218a,https://mail.google.com/mail/u/0/#inbox/19f0415fee23218a,,"salesforce, Minnesota location","6 new jobs for ""salesforce admin jobs mn"" - Jun 26",2026-06-26
job|salesforce solution architect|demand chain|minnesota,job|salesforce solution architect|demand chain|minnesota,Salesforce Solution Architect,Demand Chain,"Plymouth, MN, United States",Google Job Alert,50,50,Possible Match,Salesforce / CRM,Salesforce Resume,Low Resume Fit,50,"Lead with Salesforce Administrator certification | Highlight Flow Builder, reports, dashboards, and CRM process improvement | Mention hands-on Salesforce project work and business problem solving",None flagged,Salesforce security model | Flow Builder examples | Reports and dashboards | Business requirements gathering,"Salesforce Solution Architect at Demand Chain is a possible match for the Salesforce / CRM track. Aligns with Salesforce Administrator and CRM career goals Good opportunity to discuss Salesforce projects, dashboards, and automation Matches preferred location/work arrangement","Aligns with Salesforce Administrator and CRM career goals | Good opportunity to discuss Salesforce projects, dashboards, and automation | Matches preferred location/work arrangement","Use Salesforce Resume. Focus on: Lead with Salesforce Administrator certification | Highlight Flow Builder, reports, dashboards, and CRM process improvement | Mention hands-on Salesforce project work and business problem solving",Salesforce security model | Flow Builder examples | Reports and dashboards | Business requirements gathering,No major concerns flagged by current rules,Review only if time allows,Preferred,0,,Strong Target,Review,Review if time,Not Applied,Not Applied,,Salesforce Resume,No,,,,,,2026-06-27,,https://mail.google.com/mail/u/0/#inbox/19f0415fee23218a,https://mail.google.com/mail/u/0/#inbox/19f0415fee23218a,,"salesforce, Minnesota location","6 new jobs for ""salesforce admin jobs mn"" - Jun 26",2026-06-26
"job|salesforce.com, inc.|st paul mn united states|via learn4good","job|salesforce.com, inc.|st paul mn united states|via learn4good","salesforce.com, inc.","St Paul, MN, United States",via Learn4Good,Google Job Alert,50,50,Possible Match,Salesforce / CRM,Salesforce Resume,Low Resume Fit,50,"Lead with Salesforce Administrator certification | Highlight Flow Builder, reports, dashboards, and CRM process improvement | Mention hands-on Salesforce project work and business problem solving",None flagged,Salesforce security model | Flow Builder examples | Reports and dashboards | Business requirements gathering,"salesforce.com, inc. at St Paul, MN, United States is a possible match for the Salesforce / CRM track. Aligns with Salesforce Administrator and CRM career goals Good opportunity to discuss Salesforce projects, dashboards, and automation Matches preferred location/work arrangement","Aligns with Salesforce Administrator and CRM career goals | Good opportunity to discuss Salesforce projects, dashboards, and automation | Matches preferred location/work arrangement","Use Salesforce Resume. Focus on: Lead with Salesforce Administrator certification | Highlight Flow Builder, reports, dashboards, and CRM process improvement | Mention hands-on Salesforce project work and business problem solving",Salesforce security model | Flow Builder examples | Reports and dashboards | Business requirements gathering,No major concerns flagged by current rules,Review only if time allows,Preferred,0,,Strong Target,Review,Review if time,Not Applied,Not Applied,,Salesforce Resume,No,,,,,,2026-06-27,,https://mail.google.com/mail/u/0/#inbox/19f0415fee23218a,https://mail.google.com/mail/u/0/#inbox/19f0415fee23218a,,"salesforce, Minnesota location","6 new jobs for ""salesforce admin jobs mn"" - Jun 26",2026-06-26
"job|salesforce.com, inc.|plymouth mn united states|via learn4good","job|salesforce.com, inc.|plymouth mn united states|via learn4good","salesforce.com, inc.","Plymouth, MN, United States",via Learn4Good,Google Job Alert,50,50,Possible Match,Salesforce / CRM,Salesforce Resume,Low Resume Fit,50,"Lead with Salesforce Administrator certification | Highlight Flow Builder, reports, dashboards, and CRM process improvement | Mention hands-on Salesforce project work and business problem solving",None flagged,Salesforce security model | Flow Builder examples | Reports and dashboards | Business requirements gathering,"salesforce.com, inc. at Plymouth, MN, United States is a possible match for the Salesforce / CRM track. Aligns with Salesforce Administrator and CRM career goals Good opportunity to discuss Salesforce projects, dashboards, and automation Matches preferred location/work arrangement","Aligns with Salesforce Administrator and CRM career goals | Good opportunity to discuss Salesforce projects, dashboards, and automation | Matches preferred location/work arrangement","Use Salesforce Resume. Focus on: Lead with Salesforce Administrator certification | Highlight Flow Builder, reports, dashboards, and CRM process improvement | Mention hands-on Salesforce project work and business problem solving",Salesforce security model | Flow Builder examples | Reports and dashboards | Business requirements gathering,No major concerns flagged by current rules,Review only if time allows,Preferred,0,,Strong Target,Review,Review if time,Not Applied,Not Applied,,Salesforce Resume,No,,,,,,2026-06-27,,https://mail.google.com/mail/u/0/#inbox/19f0415fee23218a,https://mail.google.com/mail/u/0/#inbox/19f0415fee23218a,,"salesforce, Minnesota location","6 new jobs for ""salesforce admin jobs mn"" - Jun 26",2026-06-26
"job|business process analyst, systems engineering|fivetran|denver co","job|business process analyst, systems engineering|fivetran|denver co","Business Process Analyst, Systems Engineering",Fivetran,"Denver, CO (Hybrid)",LinkedIn,50,50,Possible Match,Salesforce / CRM,Salesforce Resume,Low Resume Fit,50,"Lead with Salesforce Administrator certification | Highlight Flow Builder, reports, dashboards, and CRM process improvement | Mention hands-on Salesforce project work and business problem solving",None flagged,Salesforce security model | Flow Builder examples | Reports and dashboards | Business requirements gathering,"Business Process Analyst, Systems Engineering at Fivetran is a possible match for the Salesforce / CRM track. Aligns with Salesforce Administrator and CRM career goals Good opportunity to discuss Salesforce projects, dashboards, and automation Matches preferred location/work arrangement","Aligns with Salesforce Administrator and CRM career goals | Good opportunity to discuss Salesforce projects, dashboards, and automation | Matches preferred location/work arrangement","Use Salesforce Resume. Focus on: Lead with Salesforce Administrator certification | Highlight Flow Builder, reports, dashboards, and CRM process improvement | Mention hands-on Salesforce project work and business problem solving",Salesforce security model | Flow Builder examples | Reports and dashboards | Business requirements gathering,No major concerns flagged by current rules,Review only if time allows,Preferred,0,,Strong Target,Review,Review if time,Not Applied,Not Applied,,Salesforce Resume,No,,,,,,2026-06-27,"https://www.linkedin.com/comm/jobs/search?keywords=Operations+Analyst&distance=25&geoId=103644278&f_TPR=a1782236112-&f_SAL=&sortBy=R&origin=JOB_ALERT_EMAIL&originToLandingJobPostings=4432443602,4422609092,4318124641,4432457064,4422612090,4432507283&lipi=urn%3Ali%3Apage%3Aemail_email_job_alert_digest_01%3BIPflYn26Q1Gia%2FTCYIqJyQ%3D%3D&midToken=AQEueGkJOVadGg&midSig=0XISufhXEyiIk1&trk=eml-email_job_alert_digest_01-primary_job_list-0-header_ssid_15895669172_fmid_e8kqnz~mqtr7zz4~rc&trkEmail=eml-email_job_alert_digest_01-primary_job_list-0-header_ssid_15895669172_fmid_e8kqnz~mqtr7zz4~rc-null-e8kqnz~mqtr7zz4~rc-null-null&eid=e8kqnz-mqtr7zz4-rc&otpToken=MWEwMzFlZTkxMTJmYzljM2I1MjQwNGVkNGUxY2UzYjQ4OGNjZDE0Nzk5YWY4ODYxNzljMzA2Njk0NjUyNTVmMWY3ZGZkM2ZlMGZkYWM3ZmU1ZTg2ZmQ5NTcxYTMxY2VlNThhMDhmY2M0YTJiODkxNmE1NmQsMSwx",https://mail.google.com/mail/u/0/#inbox/19effbfbef3ae91e,"https://www.linkedin.com/comm/jobs/search?keywords=Operations+Analyst&distance=25&geoId=103644278&f_TPR=a1782236112-&f_SAL=&sortBy=R&origin=JOB_ALERT_EMAIL&originToLandingJobPostings=4432443602,4422609092,4318124641,4432457064,4422612090,4432507283&lipi=urn%3Ali%3Apage%3Aemail_email_job_alert_digest_01%3BIPflYn26Q1Gia%2FTCYIqJyQ%3D%3D&midToken=AQEueGkJOVadGg&midSig=0XISufhXEyiIk1&trk=eml-email_job_alert_digest_01-primary_job_list-0-header_ssid_15895669172_fmid_e8kqnz~mqtr7zz4~rc&trkEmail=eml-email_job_alert_digest_01-primary_job_list-0-header_ssid_15895669172_fmid_e8kqnz~mqtr7zz4~rc-null-e8kqnz~mqtr7zz4~rc-null-null&eid=e8kqnz-mqtr7zz4-rc&otpToken=MWEwMzFlZTkxMTJmYzljM2I1MjQwNGVkNGUxY2UzYjQ4OGNjZDE0Nzk5YWY4ODYxNzljMzA2Njk0NjUyNTVmMWY3ZGZkM2ZlMGZkYWM3ZmU1ZTg2ZmQ5NTcxYTMxY2VlNThhMDhmY2M0YTJiODkxNmE1NmQsMSwx",,"analyst, Hybrid",Sales Operations Analyst / Salesforce / AI at Motion Recruitment,2026-06-25
"job|business process analyst, systems engineering|fivetran|oakland ca","job|business process analyst, systems engineering|fivetran|oakland ca","Business Process Analyst, Systems Engineering",Fivetran,"Oakland, CA (Hybrid)",LinkedIn,50,50,Possible Match,Salesforce / CRM,Salesforce Resume,Low Resume Fit,50,"Lead with Salesforce Administrator certification | Highlight Flow Builder, reports, dashboards, and CRM process improvement | Mention hands-on Salesforce project work and business problem solving",None flagged,Salesforce security model | Flow Builder examples | Reports and dashboards | Business requirements gathering,"Business Process Analyst, Systems Engineering at Fivetran is a possible match for the Salesforce / CRM track. Aligns with Salesforce Administrator and CRM career goals Good opportunity to discuss Salesforce projects, dashboards, and automation Matches preferred location/work arrangement","Aligns with Salesforce Administrator and CRM career goals | Good opportunity to discuss Salesforce projects, dashboards, and automation | Matches preferred location/work arrangement","Use Salesforce Resume. Focus on: Lead with Salesforce Administrator certification | Highlight Flow Builder, reports, dashboards, and CRM process improvement | Mention hands-on Salesforce project work and business problem solving",Salesforce security model | Flow Builder examples | Reports and dashboards | Business requirements gathering,No major concerns flagged by current rules,Review only if time allows,Preferred,0,,Strong Target,Review,Review if time,Not Applied,Not Applied,,Salesforce Resume,No,,,,,,2026-06-27,"https://www.linkedin.com/comm/jobs/search?keywords=Operations+Analyst&distance=25&geoId=103644278&f_TPR=a1782236112-&f_SAL=&sortBy=R&origin=JOB_ALERT_EMAIL&originToLandingJobPostings=4432443602,4422609092,4318124641,4432457064,4422612090,4432507283&lipi=urn%3Ali%3Apage%3Aemail_email_job_alert_digest_01%3BIPflYn26Q1Gia%2FTCYIqJyQ%3D%3D&midToken=AQEueGkJOVadGg&midSig=0XISufhXEyiIk1&trk=eml-email_job_alert_digest_01-primary_job_list-0-header_ssid_15895669172_fmid_e8kqnz~mqtr7zz4~rc&trkEmail=eml-email_job_alert_digest_01-primary_job_list-0-header_ssid_15895669172_fmid_e8kqnz~mqtr7zz4~rc-null-e8kqnz~mqtr7zz4~rc-null-null&eid=e8kqnz-mqtr7zz4-rc&otpToken=MWEwMzFlZTkxMTJmYzljM2I1MjQwNGVkNGUxY2UzYjQ4OGNjZDE0Nzk5YWY4ODYxNzljMzA2Njk0NjUyNTVmMWY3ZGZkM2ZlMGZkYWM3ZmU1ZTg2ZmQ5NTcxYTMxY2VlNThhMDhmY2M0YTJiODkxNmE1NmQsMSwx",https://mail.google.com/mail/u/0/#inbox/19effbfbef3ae91e,"https://www.linkedin.com/comm/jobs/search?keywords=Operations+Analyst&distance=25&geoId=103644278&f_TPR=a1782236112-&f_SAL=&sortBy=R&origin=JOB_ALERT_EMAIL&originToLandingJobPostings=4432443602,4422609092,4318124641,4432457064,4422612090,4432507283&lipi=urn%3Ali%3Apage%3Aemail_email_job_alert_digest_01%3BIPflYn26Q1Gia%2FTCYIqJyQ%3D%3D&midToken=AQEueGkJOVadGg&midSig=0XISufhXEyiIk1&trk=eml-email_job_alert_digest_01-primary_job_list-0-header_ssid_15895669172_fmid_e8kqnz~mqtr7zz4~rc&trkEmail=eml-email_job_alert_digest_01-primary_job_list-0-header_ssid_15895669172_fmid_e8kqnz~mqtr7zz4~rc-null-e8kqnz~mqtr7zz4~rc-null-null&eid=e8kqnz-mqtr7zz4-rc&otpToken=MWEwMzFlZTkxMTJmYzljM2I1MjQwNGVkNGUxY2UzYjQ4OGNjZDE0Nzk5YWY4ODYxNzljMzA2Njk0NjUyNTVmMWY3ZGZkM2ZlMGZkYWM3ZmU1ZTg2ZmQ5NTcxYTMxY2VlNThhMDhmY2M0YTJiODkxNmE1NmQsMSwx",,"analyst, Hybrid",Sales Operations Analyst / Salesforce / AI at Motion Recruitment,2026-06-25
job|salesforce system administrator|banner engineering|minnesota,job|salesforce system administrator|banner engineering|minnesota,Salesforce System Administrator,Banner Engineering,"Plymouth, MN, United States",Google Job Alert,50,50,Possible Match,Salesforce / CRM,Salesforce Resume,Low Resume Fit,50,"Lead with Salesforce Administrator certification | Highlight Flow Builder, reports, dashboards, and CRM process improvement | Mention hands-on Salesforce project work and business problem solving",None flagged,Salesforce security model | Flow Builder examples | Reports and dashboards | Business requirements gathering,"Salesforce System Administrator at Banner Engineering is a possible match for the Salesforce / CRM track. Aligns with Salesforce Administrator and CRM career goals Good opportunity to discuss Salesforce projects, dashboards, and automation Matches preferred location/work arrangement","Aligns with Salesforce Administrator and CRM career goals | Good opportunity to discuss Salesforce projects, dashboards, and automation | Matches preferred location/work arrangement","Use Salesforce Resume. Focus on: Lead with Salesforce Administrator certification | Highlight Flow Builder, reports, dashboards, and CRM process improvement | Mention hands-on Salesforce project work and business problem solving",Salesforce security model | Flow Builder examples | Reports and dashboards | Business requirements gathering,No major concerns flagged by current rules,Review only if time allows,Preferred,0,,Strong Target,Review,Review if time,Not Applied,Not Applied,,Salesforce Resume,No,,,,,,2026-06-27,,https://mail.google.com/mail/u/0/#inbox/19efeef9e37a27c1,https://mail.google.com/mail/u/0/#inbox/19efeef9e37a27c1,,"salesforce, Minnesota location","10 new jobs for ""salesforce admin jobs mn"" - Jun 25",2026-06-25
job|salesforce support associate: grow toward admin certification|111 cambria|minnesota,job|salesforce support associate: grow toward admin certification|111 cambria|minnesota,Salesforce Support Associate: Grow toward Admin Certification,111 Cambria Company LLC,"Eden Prairie, MN, United States",Google Job Alert,50,50,Possible Match,Salesforce / CRM,Salesforce Resume,Low Resume Fit,50,"Lead with Salesforce Administrator certification | Highlight Flow Builder, reports, dashboards, and CRM process improvement | Mention hands-on Salesforce project work and business problem solving",None flagged,Salesforce security model | Flow Builder examples | Reports and dashboards | Business requirements gathering,"Salesforce Support Associate: Grow toward Admin Certification at 111 Cambria Company LLC is a possible match for the Salesforce / CRM track. Aligns with Salesforce Administrator and CRM career goals Good opportunity to discuss Salesforce projects, dashboards, and automation Matches preferred location/work arrangement","Aligns with Salesforce Administrator and CRM career goals | Good opportunity to discuss Salesforce projects, dashboards, and automation | Matches preferred location/work arrangement","Use Salesforce Resume. Focus on: Lead with Salesforce Administrator certification | Highlight Flow Builder, reports, dashboards, and CRM process improvement | Mention hands-on Salesforce project work and business problem solving",Salesforce security model | Flow Builder examples | Reports and dashboards | Business requirements gathering,No major concerns flagged by current rules,Review only if time allows,Preferred,0,,Strong Target,Review,Review if time,Not Applied,Not Applied,,Salesforce Resume,No,,,,,,2026-06-27,,https://mail.google.com/mail/u/0/#inbox/19efeef9e37a27c1,https://mail.google.com/mail/u/0/#inbox/19efeef9e37a27c1,,"salesforce, Minnesota location","10 new jobs for ""salesforce admin jobs mn"" - Jun 25",2026-06-25
job|salesforce system admin|ethereum technologies|minnesota,job|salesforce system admin|ethereum technologies|minnesota,Salesforce System Admin,ETHEREUM TECHNOLOGIES LLC,"Minneapolis, MN, United States",Google Job Alert,50,50,Possible Match,Salesforce / CRM,Salesforce Resume,Low Resume Fit,50,"Lead with Salesforce Administrator certification | Highlight Flow Builder, reports, dashboards, and CRM process improvement | Mention hands-on Salesforce project work and business problem solving",None flagged,Salesforce security model | Flow Builder examples | Reports and dashboards | Business requirements gathering,"Salesforce System Admin at ETHEREUM TECHNOLOGIES LLC is a possible match for the Salesforce / CRM track. Aligns with Salesforce Administrator and CRM career goals Good opportunity to discuss Salesforce projects, dashboards, and automation Matches preferred location/work arrangement","Aligns with Salesforce Administrator and CRM career goals | Good opportunity to discuss Salesforce projects, dashboards, and automation | Matches preferred location/work arrangement","Use Salesforce Resume. Focus on: Lead with Salesforce Administrator certification | Highlight Flow Builder, reports, dashboards, and CRM process improvement | Mention hands-on Salesforce project work and business problem solving",Salesforce security model | Flow Builder examples | Reports and dashboards | Business requirements gathering,No major concerns flagged by current rules,Review only if time allows,Preferred,0,,Strong Target,Review,Review if time,Not Applied,Not Applied,,Salesforce Resume,No,,,,,,2026-06-27,,https://mail.google.com/mail/u/0/#inbox/19efeef9e37a27c1,https://mail.google.com/mail/u/0/#inbox/19efeef9e37a27c1,,"salesforce, Minnesota location","10 new jobs for ""salesforce admin jobs mn"" - Jun 25",2026-06-25
